_id,id,home_team_id,away_team_id,home_score,away_score,home_scorers,away_scorers,group,matchday,local_date,persian_date,stadium_id,finished,time_elapsed,type,home_team_name_en,home_team_name_fa,away_team_name_en,away_team_name_fa,home_team_label,away_team_label,away_penalty_misses,away_penalty_score,away_penalty_scorers,home_penalty_misses,home_penalty_score,home_penalty_scorers,match_minute
679c9c8a5749c4077500e006,6,15,16,2,0,"{""Nestory Irankunda 27'"",""C. Metcalfe 75'""}",null,D,1,06/13/2026 21:00,1405-03-23 21:00,13,TRUE,finished,group,Australia,استرالیا,Turkey,ترکیه,,,,,,,,,
679c9c8a5749c4077500e008,8,7,8,1,1,"{""B. Khoukhi 90'+5'""}","{""Breel Embolo 17' (p)""}",B,1,06/13/2026 12:00,1405-03-23 12:00,15,TRUE,finished,group,Qatar,قطر,Switzerland,سوئیس,,,,,,,,,
679c9c8a5749c4077500e031,31,13,15,2,0,"{""Kamrvn Bargs 11'"",""Alex Freeman 43'""}",null,D,2,06/19/2026 12:00,1405-03-29 12:00,14,TRUE,finished,group,United States,آمریکا,Australia,استرالیا,,,,,,,,,
679c9c8a5749c4077500e033,33,17,19,2,1,"{""Dniz Avndav 68'"",""Dniz Avndav 90+4'""}","{""Franck Kessié 30'""}",E,2,06/20/2026 16:00,1405-03-30 16:00,12,TRUE,finished,group,Germany,آلمان,Ivory Coast,ساحل عاج,,,,,,,,,
679c9c8a5749c4077500e035,35,21,23,5,1,"{""Brian Brobbey 5'"",""Brian Brobbey 17'"",""Kvdi Khakpv 47'"",""Kvdi Khakpv 54'"",""Crysencio Summerville 89'""}","{""Anthony Elanga 59'""}",F,2,06/20/2026 12:00,1405-03-30 12:00,5,TRUE,finished,group,Netherlands,هلند,Sweden,سوئد,,,,,,,,,
679c9c8a5749c4077500e041,41,33,35,3,0,"{""Kylian Mbappé 14'"",""Kylian Mbappé 54'"",""Ousmane Dembélé 66'""}",null,I,2,06/22/2026 17:00,1405-04-01 17:00,10,TRUE,finished,group,France,فرانسه,Iraq,عراق,,,,,,,,,
679c9c8a5749c4077500e042,42,36,34,3,2,"{""Markvs Hlmgrn Pdrsn 43'"",""Erling Haaland 48'"",""Erling Haaland 58'""}","{""Ismaïla Sarr 53'"",""Ismaïla Sarr 90+3'""}",I,2,06/22/2026 20:00,1405-04-01 20:00,11,TRUE,finished,group,Norway,نروژ,Senegal,سنگال,,,,,,,,,
679c9c8a5749c4077500e059,59,22,23,1,1,"{""Daizen Maeda 56'""}","{""Anthony Elanga 62'""}",F,3,06/25/2026 18:00,1405-04-04 18:00,4,TRUE,finished,group,Japan,ژاپن,Sweden,سوئد,,,,,,,,,
679c9c8a5749c4077500e089,95,37,26,3,2,"{""Cristian Romero 79'"",""Lionel Messi 83'"",""Enzo Fernández 90+2'""}","{""Yasser Ibrahim 15'"",""Mostafa Ziko 67'""}",R16,5,07/07/2026 12:00,1405-04-16 12:00,7,TRUE,finished,r16,Argentina,آرژانتین,Egypt,مصر,Winner Match 86,Winner Match 88,null,null,null,null,null,null,null
679c9c8a5749c4077500e08f,101,33,29,0,2,null,"{""Pedro Porro 58'""}",SF,7,07/14/2026 14:00,1405-04-23 14:00,4,TRUE,finished,sf,France,فرانسه,Spain,اسپانیا,Winner Match 97,Winner Match 98,null,null,null,null,null,null,null
679c9c8a5749c4077500e090,102,45,37,1,2,"{""Antvni Gvrdvn 55'""}","{""Enzo Fernández 85'"",""Lautaro Martínez 90+2'""}",SF,7,07/15/2026 15:00,1405-04-24 15:00,7,TRUE,finished,sf,England,انگلستان,Argentina,آرژانتین,Winner Match 99,Winner Match 100,null,null,null,null,null,null,null
679c9c8a5749c4077500e005,5,11,12,0,1,null,"{""J. McGinn 28'""}",C,1,06/13/2026 21:00,1405-03-23 21:00,9,TRUE,finished,group,Haiti,هائیتی,Scotland,اسکاتلند,,,,,,,,,
679c9c8a5749c4077500e022,22,45,46,4,2,"{""H. Kane 12'(p)"",""H. Kane 42'"",""J. Bellingham 47'"",""M. Rashford 85'""}","{""M. Baturina 36'"",""P. Musa 45+5'""}",L,1,06/17/2026 15:00,1405-03-27 15:00,4,TRUE,finished,group,England,انگلستان,Croatia,کرواسی,,,,,,,,,
679c9c8a5749c4077500e039,39,29,31,4,0,"{""Lamine Yamal 10'"",""Mikel Oyarzabal 21'"",""Mikel Oyarzabal 24'"",""Hassan Mohamed Altmbkti 49'""}",null,H,2,06/21/2026 12:00,1405-03-31 12:00,7,TRUE,finished,group,Spain,اسپانیا,Saudi Arabia,عربستان,,,,,,,,,
679c9c8a5749c4077500e044,44,40,38,1,2,"{""Al Rashdan 36'""}","{""Nzir Bnbvali 69'"",""Amine Gouiri 82'""}",J,2,06/22/2026 20:00,1405-04-01 20:00,15,TRUE,finished,group,Jordan,اردن,Algeria,الجزایر,,,,,,,,,
679c9c8a5749c4077500e045,45,41,43,5,0,"{""Cristiano Ronaldo 6'"",""Nvnv Mndz 17'"",""Cristiano Ronaldo 39'"",""Abdalvhid Namtvf 60'"",""Rafael Leão 87'""}",null,K,2,06/23/2026 12:00,1405-04-02 12:00,5,TRUE,finished,group,Portugal,پرتغال,Uzbekistan,ازبکستان,,,,,,,,,
679c9c8a5749c4077500e046,46,48,46,0,1,null,"{""Ante Budimir 54'""}",L,2,06/23/2026 19:00,1405-04-02 19:00,12,TRUE,finished,group,Panama,پاناما,Croatia,کرواسی,,,,,,,,,
679c9c8a5749c4077500e052,52,4,1,0,3,null,"{""Mateo Chávez 55'"",""Jvlian Kviinvnz 61'"",""Álvaro Fidalgo 90+4'""}",A,3,06/24/2026 19:00,1405-04-03 19:00,1,TRUE,finished,group,Czech Republic,جمهوری چک,Mexico,مکزیک,,,,,,,,,
679c9c8a5749c4077500e060,60,24,21,1,3,"{""Hazm Mstvri 54'""}","{""Alis Skhiri 3'"",""Brian Brobbey 7'"",""Ian Fn Hkh 62'""}",F,3,06/25/2026 18:00,1405-04-04 18:00,6,TRUE,finished,group,Tunisia,تونس,Netherlands,هلند,,,,,,,,,
679c9c8a5749c4077500e061,61,34,35,5,0,"{""Habib Diarra 4'"",""Ismaïla Sarr 56'"",""Paph Gviih 59'"",""Paph Gviih 71'"",""Ailman Andiaih 82'""}",null,I,3,06/26/2026 15:00,1405-04-05 15:00,12,TRUE,finished,group,Senegal,سنگال,Iraq,عراق,,,,,,,,,
679c9c8a5749c4077500e067,67,48,45,0,2,null,"{""Jvd Blingham 62'"",""Hri Kin 67'""}",L,3,06/27/2026 17:00,1405-04-06 17:00,11,TRUE,finished,group,Panama,پاناما,England,انگلستان,,,,,,,,,
679c9c8a5749c4077500e072,72,42,43,3,1,"{""Fistvn Mail 78'"",""Yoane Wissa 90+1'""}","{""Aldvr Shvmvrvdvf 10'""}",K,3,06/27/2026 19:30,1405-04-06 19:30,7,TRUE,finished,group,Democratic Republic of the Congo,جمهوری دموکراتیک کنگو,Uzbekistan,ازبکستان,,,,,,,,,
679c9c8a5749c4077500e080,86,37,30,3,2,"{""Lionel Messi 29'"",""Lisandro Martínez 92'"",""Dini Bvrgs 111'""}","{""Drvi Dviart 59'"",""Lvpz Kabral 103'""}",R32,4,07/03/2026 18:00,1405-04-12 18:00,8,TRUE,finished,r32,Argentina,آرژانتین,Cape Verde,کیپ ورد,Winner Group J,Runner-up Group H,null,null,null,null,null,null,
679c9c8a5749c4077500e082,88,15,26,1,1,"{""Mohamed Hany 55'""}","{""Emam Ashour 13'""}",R32,4,07/03/2026 13:00,1405-04-12 13:00,4,TRUE,finished,r32,Australia,استرالیا,Egypt,مصر,Runner-up Group D,Runner-up Group G,null,4,"{""Mahmoud Saber"",""Rmi Rabia"",""Mohamed Salah"",""Hossam Abdelmaguid""}","{""Harry Souttar"",""Lucas Herrington""}",2,"{""Jksvn Airvin"",""Avr Mbil""}",
679c9c8a5749c4077500e08e,100,37,8,3,1,"{""Alexis Mac Allister 10'"",""Khvlin Alvarz 112'"",""Lautaro Martínez 120+1'""}","{""Dn Andvi 67'""}",QF,6,07/11/2026 20:00,1405-04-20 20:00,6,TRUE,finished,qf,Argentina,آرژانتین,Switzerland,سوئیس,Winner Match 95,Winner Match 96,,,,,,,
679c9c8a5749c4077500e002,2,3,4,2,1,"{""I.B. Hwang 67'"",""H.G. Oh 80'""}","{""L. Krejčí 59'""}",A,1,06/11/2026 20:00,1405-03-21 20:00,2,TRUE,finished,group,South Korea,کره جنوبی,Czech Republic,جمهوری چک,,,,,,,,,
679c9c8a5749c4077500e004,4,13,14,4,1,"{""D. Bobadilla 7'(OG)"",""F. Balogun 31'"",""F. Balogun 45'+5'"",""G. Reyna 90'+8'""}","{""Maurício 73'""}",D,1,06/12/2026 18:00,1405-03-22 18:00,16,TRUE,finished,group,United States,آمریکا,Paraguay,پاراگوئه,,,,,,,,,
679c9c8a5749c4077500e017,17,33,34,3,1,"{""K. Mbappé 66'"",""B. Barcola 82'"",""K. Mbappé 90+6'""}","{""I. Mbaye 90+5'""}",I,1,06/16/2026 15:00,1405-03-26 15:00,11,TRUE,finished,group,France,فرانسه,Senegal,سنگال,,,,,,,,,
679c9c8a5749c4077500e018,18,35,36,1,4,"{""Aymen Hussein 39'""}","{""Erling Haaland 29'"",""Erling Haaland 43'"",""Leo Østigård 76'"",""Aymen Hussein 90+7'""}",I,1,06/16/2026 18:00,1405-03-26 18:00,9,TRUE,finished,group,Iraq,عراق,Norway,نروژ,,,,,,,,,
679c9c8a5749c4077500e021,21,41,42,1,1,"{""J. Neves 6'""}","{""Y. Wissa 45+5'""}",K,1,06/17/2026 12:00,1405-03-27 12:00,5,TRUE,Finished,group,Portugal,پرتغال,Democratic Republic of the Congo,جمهوری دموکراتیک کنگو,,,,,,,,,
679c9c8a5749c4077500e037,37,25,27,0,0,null,null,G,2,06/21/2026 12:00,1405-03-31 12:00,16,TRUE,finished,group,Belgium,بلژیک,Iran,ایران,,,,,,,,,
679c9c8a5749c4077500e050,50,10,11,4,2,"{""Achraf Hakimi 39'"",""Asmaail Saibari 45+1'"",""Svfian Rhimi 78'"",""Gessime Yassine 89'""}","{""Yassine Bounou 10'"",""Wilson Isidor 43'""}",C,3,06/24/2026 18:00,1405-04-03 18:00,7,TRUE,finished,group,Morocco,مراکش,Haiti,هائیتی,,,,,,,,,
679c9c8a5749c4077500e051,51,2,3,1,0,"{""Taplv Maskv 63'""}",null,A,3,06/24/2026 19:00,1405-04-03 19:00,3,TRUE,finished,group,South Africa,آفریقای جنوبی,South Korea,کره جنوبی,,,,,,,,,
679c9c8a5749c4077500e081,87,44,47,1,0,"{""Jan Arias 14'""}",null,R32,4,07/03/2026 20:30,1405-04-12 20:30,6,TRUE,finished,r32,Colombia,کلمبیا,Ghana,غنا,Winner Group K,3rd Group D/E/I/J/L,null,null,null,null,null,null,
679c9c8a5749c4077500e08c,98,29,25,2,1,"{""Fabin Rviz 30'"",""Mikel Merino 88'""}","{""Sharl D Ktlar 41'""}",QF,6,07/10/2026 12:00,1405-04-19 12:00,16,TRUE,finished,qf,Spain,اسپانیا,Belgium,بلژیک,Winner Match 93,Winner Match 94,,,,,,,
679c9c8a5749c4077500e009,9,19,20,1,0,"{""A. Diallo 90'""}",null,E,1,06/14/2026 19:00,1405-03-24 19:00,10,TRUE,finished,group,Ivory Coast,ساحل عاج,Ecuador,اکوادور,,,,,,,,,
679c9c8a5749c4077500e010,10,17,18,7,1,"{""Felix Nmecha 7'"",""N. Schlotterbeck 38'"",""K. Havertz 45'+5'(p)"",""J. Musiala 47'"",""N. Brown 68'"",""D. Undav 78'"",""K. Havertz 88'""}","{""L. Comenencia 21'""}",E,1,06/14/2026 12:00,1405-03-24 12:00,5,TRUE,finished,group,Germany,آلمان,Curaçao,کوراسائو,,,,,,,,,
679c9c8a5749c4077500e012,12,23,24,5,1,"{""Y.Ayari 7'"",""A. Isak 30'"",""V. Gyökeres 59'"",""M. Svanberg 84'"",""Y.Ayari 90'+6'""}","{""O. Rekik 43'""}",F,1,06/14/2026 20:00,1405-03-24 20:00,3,TRUE,finished,group,Sweden,سوئد,Tunisia,تونس,,,,,,,,,
679c9c8a5749c4077500e025,25,1,3,1,0,"{""Luis Romo 50'""}",null,A,2,06/18/2026 19:00,1405-03-28 19:00,2,TRUE,finished,group,Mexico,مکزیک,South Korea,کره جنوبی,,,,,,,,,
679c9c8a5749c4077500e027,27,5,7,6,0,"{""Kail Larin 16'"",""Jonathan David 29'"",""Jonathan David 45+3'"",""Nathan Saliba 64'"",""Mohamed Almnai 75'"",""Jonathan David 90+2'""}",null,B,2,06/18/2026 15:00,1405-03-28 15:00,13,TRUE,finished,group,Canada,کانادا,Qatar,قطر,,,,,,,,,
679c9c8a5749c4077500e030,30,12,10,0,1,null,"{""Asmaail Saibari 2'""}",C,2,06/19/2026 18:00,1405-03-29 18:00,9,TRUE,finished,group,Scotland,اسکاتلند,Morocco,مراکش,,,,,,,,,
679c9c8a5749c4077500e032,32,16,14,0,1,null,"{""Matías Galarza 2'""}",D,2,06/19/2026 20:00,1405-03-29 20:00,15,TRUE,finished,group,Turkey,ترکیه,Paraguay,پاراگوئه,,,,,,,,,
679c9c8a5749c4077500e043,43,37,39,2,0,"{""Lionel Messi 38'"",""Lionel Messi 90+5'""}",null,J,2,06/22/2026 12:00,1405-04-01 12:00,4,TRUE,finished,group,Argentina,آرژانتین,Austria,اتریش,,,,,,,,,
679c9c8a5749c4077500e049,49,12,9,0,3,null,"{""Vinícius Júnior 7'"",""Vinícius Júnior 45+3'"",""Matheus Cunha 60'""}",C,3,06/24/2026 18:00,1405-04-03 18:00,8,TRUE,finished,group,Scotland,اسکاتلند,Brazil,برزیل,,,,,,,,,
679c9c8a5749c4077500e053,53,6,7,3,1,"{""Karim Alaibgvvich 29'"",""Abvnad 34'"",""Armin Mhmich 80'""}","{""Hassan Al-Haydos 42'""}",B,3,06/24/2026 12:00,1405-04-03 12:00,14,TRUE,finished,group,Bosnia and Herzegovina,بوسنی و هرزگوین,Qatar,قطر,,,,,,,,,
679c9c8a5749c4077500e058,58,16,13,3,2,"{""Arda Güler 10'"",""Baris Alpr Ailmaz 31'"",""Kan Aihan 90+8'""}","{""Auston Trusty 3'"",""Sebastian Berhalter 49'""}",D,3,06/25/2026 19:00,1405-04-04 19:00,16,TRUE,finished,group,Turkey,ترکیه,United States,آمریکا,,,,,,,,,
679c9c8a5749c4077500e062,62,36,33,1,4,"{""Thelo Aasgaard 21'""}","{""Ousmane Dembélé 7'"",""Ousmane Dembélé 20'"",""Ousmane Dembélé 32'"",""Désiré Doué 90+4'""}",I,3,06/26/2026 15:00,1405-04-05 15:00,9,TRUE,finished,group,Norway,نروژ,France,فرانسه,,,,,,,,,
679c9c8a5749c4077500e063,63,26,27,1,1,"{""Mahmoud Saber 5'""}","{""Ramin Rezaeian 14'""}",G,3,06/26/2026 20:00,1405-04-05 20:00,14,TRUE,finished,group,Egypt,مصر,Iran,ایران,,,,,,,,,
679c9c8a5749c4077500e065,65,30,31,0,0,null,null,H,3,06/26/2026 19:00,1405-04-05 19:00,5,TRUE,finished,group,Cape Verde,کیپ ورد,Saudi Arabia,عربستان,,,,,,,,,
679c9c8a5749c4077500e066,66,32,29,0,1,null,"{""Álex Baena 42'""}",H,3,06/26/2026 18:00,1405-04-05 18:00,2,TRUE,finished,group,Uruguay,اروگوئه,Spain,اسپانیا,,,,,,,,,
679c9c8a5749c4077500e070,70,40,37,1,3,"{""Mvsi Altmari 55'""}","{""Jivani Lv Slsv 19'"",""Lautaro Martínez 31'(P)"",""Lionel Messi 80'""}",J,3,06/27/2026 21:00,1405-04-06 21:00,4,TRUE,finished,group,Jordan,اردن,Argentina,آرژانتین,,,,,,,,,
679c9c8a5749c4077500e076,76,9,22,2,1,"{""Casemiro 56'"",""Gabriel Martinelli 90+5'""}","{""Kaishū Sano 29'""}",R32,4,06/29/2026 12:00,1405-04-08 12:00,5,TRUE,finished,r32,Brazil,برزیل,Japan,ژاپن,Winner Group C,Runner-up Group F,,,,,,,
679c9c8a5749c4077500e07d,83,41,46,2,1,"{""Gvnchalv Ramvs 90+4'""}","{""Ivan Perišić 53'""}",R32,4,07/02/2026 19:00,1405-04-11 19:00,12,TRUE,finished,r32,Portugal,پرتغال,Croatia,کرواسی,Runner-up Group K,Runner-up Group L,null,null,null,null,null,null,
679c9c8a5749c4077500e07f,85,8,38,2,0,"{""Breel Embolo 10'"",""Dn Andvi 46'""}",null,R32,4,07/02/2026 20:00,1405-04-11 20:00,13,TRUE,finished,r32,Switzerland,سوئیس,Algeria,الجزایر,Winner Group B,3rd Group E/F/G/I/J,null,null,null,null,null,null,
679c9c8a5749c4077500e087,93,41,29,0,1,null,"{""Mikel Merino 90+1'""}",R16,5,07/06/2026 14:00,1405-04-15 14:00,4,TRUE,finished,r16,Portugal,پرتغال,Spain,اسپانیا,Winner Match 83,Winner Match 84,null,null,null,null,null,null,null
679c9c8a5749c4077500e08a,96,8,44,0,0,null,null,R16,5,07/07/2026 13:00,1405-04-16 13:00,13,TRUE,finished,r16,Switzerland,سوئیس,Colombia,کلمبیا,Winner Match 85,Winner Match 87,"{""Davinson Sánchez"",""Khvan Hrnandz Kvchv""}",3,"{""Khvan Kintrv"",""Khamintvn Kampaz"",""Lviiz Diaz""}","{""Manuel Akanji""}",4,"{""Granit Xhaka"",""Zeki Amdouni"",""Cedric Itten"",""Rubén Vargas""}",null
679c9c8a5749c4077500e001,1,1,2,2,0,"{“J. Quiñones 9'”,”R. Jiménez 67'”}",null,A,1,06/11/2026 13:00,1405-03-21 13:00,1,TRUE,finished,group,Mexico,مکزیک,South Africa,آفریقای جنوبی,,,,,,,,,
679c9c8a5749c4077500e007,7,9,10,1,1,"{""V. Júnior 32'""}","{""I. Saibari 21'""}",C,1,06/13/2026 18:00,1405-03-23 18:00,11,TRUE,finished,group,Brazil,برزیل,Morocco,مراکش,,,,,,,,,
679c9c8a5749c4077500e011,11,21,22,2,2,"{""Virgil van Dijk 51'"",""C. Summerville 64'""}","{""K. Nakamura 57'"",""K. Ogawa 89'""}",F,1,06/14/2026 15:00,1405-03-24 15:00,4,TRUE,finished,group,Netherlands,هلند,Japan,ژاپن,,,,,,,,,
679c9c8a5749c4077500e026,26,8,6,4,1,"{""Jvhan Mnzambi 74'"",""Rvbn Vargas 84'"",""Jvhan Mnzambi 90'""}","{""Armin Mhmich 90+3'""}",B,2,06/18/2026 12:00,1405-03-28 12:00,16,TRUE,finished,group,Switzerland,سوئیس,Bosnia and Herzegovina,بوسنی و هرزگوین,,,,,,,,,
679c9c8a5749c4077500e029,29,9,11,3,0,"{""Matheus Cunha 23'"",""Matheus Cunha 36'"",""Vinícius Júnior 45+3'""}",null,C,2,06/19/2026 21:00,1405-03-29 21:00,10,TRUE,finished,group,Brazil,برزیل,Haiti,هائیتی,,,,,,,,,
679c9c8a5749c4077500e036,36,24,22,0,4,null,"{""Daichi Kamada 4'"",""Aiash Ivida 31'"",""Junya Itō 69'"",""Aiash Ivida 83'""}",F,2,06/20/2026 22:00,1405-03-30 22:00,3,TRUE,finished,group,Tunisia,تونس,Japan,ژاپن,,,,,,,,,
679c9c8a5749c4077500e038,38,28,26,1,3,"{""Fin Svrman 15'""}","{""Mostafa Ziko 58'"",""Mohamed Salah 67'"",""Mahmoud Hassan Trezeguet 82'""}",G,2,06/21/2026 18:00,1405-03-31 18:00,13,TRUE,finished,group,New Zealand,نیوزیلند,Egypt,مصر,,,,,,,,,
679c9c8a5749c4077500e040,40,32,30,2,2,"{""Maximiliano Araújo 44'"",""Agustín Canobbio 45+6'""}","{""Kevin Pina 21'"",""Hliv Varla 61'""}",H,2,06/21/2026 18:00,1405-03-31 18:00,8,TRUE,finished,group,Uruguay,اروگوئه,Cape Verde,کیپ ورد,,,,,,,,,
679c9c8a5749c4077500e047,47,44,42,1,0,"{""Dnil Mvnvz 76'""}",null,K,2,06/23/2026 20:00,1405-04-02 20:00,2,TRUE,finished,group,Colombia,کلمبیا,Democratic Republic of the Congo,جمهوری دموکراتیک کنگو,,,,,,,,,
679c9c8a5749c4077500e071,71,44,41,0,0,null,null,K,3,06/27/2026 19:30,1405-04-06 19:30,8,TRUE,finished,group,Colombia,کلمبیا,Portugal,پرتغال,,,,,,,,,
679c9c8a5749c4077500e073,73,2,5,0,1,null,"{""Astfan Avstakviv 90+2'""}",R32,4,06/28/2026 12:00,1405-04-07 12:00,16,TRUE,finished,r32,South Africa,آفریقای جنوبی,Canada,کانادا,Runner-up Group A,Runner-up Group B,,,,,,,
679c9c8a5749c4077500e077,77,33,23,3,0,"{""Kylian Mbappé 45'"",""Bradley Barcola 53'"",""Kylian Mbappé 74'""}",null,R32,4,06/30/2026 17:00,1405-04-09 17:00,11,TRUE,finished,r32,France,فرانسه,Sweden,سوئد,Winner Group I,3rd Group C/D/F/G/H,null,null,null,null,null,null,
679c9c8a5749c4077500e07e,84,29,39,3,0,"{""Mikel Oyarzabal 36'"",""Pedro Porro 66'"",""Mikel Oyarzabal 89'""}",null,R32,4,07/02/2026 12:00,1405-04-11 12:00,16,TRUE,finished,r32,Spain,اسپانیا,Austria,اتریش,Winner Group H,Runner-up Group J,null,null,null,null,null,null,
679c9c8a5749c4077500e084,90,5,10,0,3,null,"{""Azdin Avnahi 50'"",""Azdin Avnahi 82'"",""Svfian Rhimi 90+8'""}",R16,5,07/04/2026 12:00,1405-04-13 12:00,5,TRUE,finished,r16,Canada,کانادا,Morocco,مراکش,Winner Match 73,Winner Match 75,null,null,null,null,null,null,
679c9c8a5749c4077500e086,92,1,45,2,3,"{""Jvlian Kviinvnz 42'""}","{""Jvd Blingham 36'"",""Jvd Blingham 38'""}",R16,5,07/05/2026 18:00,1405-04-14 18:00,1,TRUE,finished,r16,Mexico,مکزیک,England,انگلستان,Winner Match 79,Winner Match 80,null,null,null,null,null,null,null
679c9c8a5749c4077500e088,94,13,25,1,4,"{""Malik Tillman 31'""}","{""Sharl D Ktlar 9'"",""Sharl D Ktlar 33'"",""Hans Vanaken 57'"",""Romelu Lukaku 90+3'""}",R16,5,07/06/2026 17:00,1405-04-15 17:00,14,TRUE,finished,r16,United States,آمریکا,Belgium,بلژیک,Winner Match 81,Winner Match 82,null,null,null,null,null,null,null
679c9c8a5749c4077500e014,14,29,30,0,0,null,null,H,1,06/15/2026 12:00,1405-03-25 12:00,7,TRUE,finished,group,Spain,اسپانیا,Cape Verde,کیپ ورد,,,,,,,,,
679c9c8a5749c4077500e016,16,31,32,1,1,"{""Abdulelah Al-Amri 41'""}","{""Maximiliano Araújo 80'""}",H,1,06/15/2026 18:00,1405-03-25 18:00,8,TRUE,finished,group,Saudi Arabia,عربستان,Uruguay,اروگوئه,,,,,,,,,
679c9c8a5749c4077500e020,20,39,40,3,1,"{""Rvmanv Ashmid 21'"",""Izn Alarb 76'""}","{""Ali Avlvan 50'""}",J,1,06/16/2026 21:00,1405-03-26 21:00,15,TRUE,finished,group,Austria,اتریش,Jordan,اردن,,,,,,,,,
679c9c8a5749c4077500e023,23,43,44,1,3,"{""Abas Bk Fiz Allh Af 60'""}","{""Dnil Mvnvz 40'"",""Lviiz Diaz 65'"",""Khamintvn Kampaz 90+9'""}",K,1,06/17/2026 20:00,1405-03-27 20:00,1,TRUE,finished,group,Uzbekistan,ازبکستان,Colombia,کلمبیا,,,,,,,,,
679c9c8a5749c4077500e085,91,9,36,1,2,null,"{""Erling Haaland 79'"",""Erling Haaland 90'""}",R16,5,07/05/2026 16:00,1405-04-14 16:00,11,TRUE,finished,r16,Brazil,برزیل,Norway,نروژ,Winner Match 76,Winner Match 78,null,null,null,null,null,null,null
679c9c8a5749c4077500e08b,97,33,10,2,0,"{""Kylian Mbappé 60'"",""Ousmane Dembélé 66'""}",null,QF,6,07/09/2026 16:00,1405-04-18 16:00,9,TRUE,finished,qf,France,فرانسه,Morocco,مراکش,Winner Match 89,Winner Match 90,null,null,null,null,null,null,null
679c9c8a5749c4077500e092,104,29,37,1,0,"{""Ferran Torres 106'""}",null,FINAL,9,07/19/2026 15:00,1405-04-28 15:00,11,TRUE,finished,final,Spain,اسپانیا,Argentina,آرژانتین,Winner Match 101,Winner Match 102,null,null,null,null,null,null,null
679c9c8a5749c4077500e003,3,5,6,1,1,"{""C. Larin 11'""}","{""Jovo Lukić 21'""}",B,1,06/12/2026 15:00,1405-03-22 15:00,12,TRUE,finished,group,Canada,کانادا,Bosnia and Herzegovina,بوسنی و هرزگوین,,,,,,,,,
679c9c8a5749c4077500e013,13,27,28,2,2,"{""Ramin Rezaiian 32'"",""Mohammad Mohebi 64'""}","{""Elijah Just 7'"",""Elijah Just 54'""}",G,1,06/15/2026 18:00,1405-03-25 18:00,16,TRUE,finished,group,Iran,ایران,New Zealand,نیوزیلند,,,,,,,,,
679c9c8a5749c4077500e019,19,37,38,3,0,"{""Lionel Messi 17'"",""Lionel Messi 60'"",""Lionel Messi 76'""}",null,J,1,06/16/2026 20:00,1405-03-26 20:00,6,TRUE,finished,group,Argentina,آرژانتین,Algeria,الجزایر,,,,,,,,,
679c9c8a5749c4077500e024,24,47,48,1,0,"{""Kalb Iirnki 90+5'""}",null,L,1,06/17/2026 19:00,1405-03-27 19:00,12,TRUE,finished,group,Ghana,غنا,Panama,پاناما,,,,,,,,,
679c9c8a5749c4077500e028,28,4,2,1,1,"{""‫mikhal Sadilk 6'""}",null,A,2,06/18/2026 12:00,1405-03-28 12:00,7,TRUE,finished,group,Czech Republic,جمهوری چک,South Africa,آفریقای جنوبی,,,,,,,,,
679c9c8a5749c4077500e048,48,45,47,0,0,null,null,L,2,06/23/2026 16:00,1405-04-02 16:00,9,TRUE,finished,group,England,انگلستان,Ghana,غنا,,,,,,,,,
679c9c8a5749c4077500e055,55,18,19,0,2,null,"{""Nikvlas Ph Ph 7'"",""Nikvlas Ph Ph 64'""}",E,3,06/25/2026 16:00,1405-04-04 16:00,10,TRUE,finished,group,Curaçao,کوراسائو,Ivory Coast,ساحل عاج,,,,,,,,,
679c9c8a5749c4077500e056,56,20,17,2,1,"{""Nilsvn Angvlv 9'"",""Gvnzalv Plata 77'""}","{""Leroy Sané 2'""}",E,3,06/25/2026 16:00,1405-04-04 16:00,11,TRUE,finished,group,Ecuador,اکوادور,Germany,آلمان,,,,,,,,,
679c9c8a5749c4077500e068,68,46,47,2,1,"{""Petar Sučić 31'"",""Nikola Vlašić 83'""}","{""Drik Lvkasn 73'""}",L,3,06/27/2026 17:00,1405-04-06 17:00,10,TRUE,finished,group,Croatia,کرواسی,Ghana,غنا,,,,,,,,,
679c9c8a5749c4077500e069,69,38,39,3,3,"{""Rafik Blghali 45'"",""Riyad Mahrez 60'"",""Riyad Mahrez 90+3'""}","{""Marko Arnautović 28'"",""Marcel Sabitzer 55'"",""Saša Kalajdžić 90+6'""}",J,3,06/27/2026 21:00,1405-04-06 21:00,6,TRUE,finished,group,Algeria,الجزایر,Austria,اتریش,,,,,,,,,
679c9c8a5749c4077500e074,74,17,14,1,1,"{""Kai Havertz 54'""}","{""Khvliv Ansisv 42'""}",R32,4,06/29/2026 16:30,1405-04-08 16:30,9,TRUE,finished,r32,Germany,آلمان,Paraguay,پاراگوئه,Winner Group E,3rd Group A/B/C/D/F,"{""Antonio Sanabria"",""Fabin Balbvina""}",4,"{""Maivrisv"",""Gustavo Gómez"",""Matías Galarza"",""Kanalh Dvmingviz""}","{""Kai Havertz"",""Nik Vvltmaidh"",""Jonathan Tah""}",3,"{""Ivshva Kimish"",""Jamal Musiala"",""Nadiem Amiri""}",
679c9c8a5749c4077500e07b,81,13,6,2,0,"{""Flvrin Balvgan 45'"",""Malik Tillman 82'""}",null,R32,4,07/01/2026 17:00,1405-04-10 17:00,15,TRUE,finished,r32,United States,آمریکا,Bosnia and Herzegovina,بوسنی و هرزگوین,Winner Group D,3rd Group B/E/F/I/J,null,null,null,null,null,null,
679c9c8a5749c4077500e091,103,33,45,4,6,"{""Kylian Mbappé 48'"",""Bradley Barcola 54'"",""Kylian Mbappé 66'"",""Ousmane Dembélé 90+6'""}","{""Dklan Rais 3'"",""Azri Knsa 18'"",""Bvkaiv Saka 37'"",""Bvkaiv Saka 45+1'"",""Jvd Blingham 90+8'""}",3RD,8,07/18/2026 17:00,1405-04-27 17:00,8,TRUE,finished,third,France,فرانسه,England,انگلستان,Loser Match 101,Loser Match 102,null,null,null,null,null,null,null
679c9c8a5749c4077500e015,15,25,26,1,1,"{""Mohamed Hany 66'""}","{""Emam Ashour 20'""}",G,1,06/15/2026 12:00,1405-03-25 12:00,14,TRUE,finished,group,Belgium,بلژیک,Egypt,مصر,,,,,,,,,
679c9c8a5749c4077500e034,34,20,18,0,0,null,null,E,2,06/20/2026 19:00,1405-03-30 19:00,6,TRUE,finished,group,Ecuador,اکوادور,Curaçao,کوراسائو,,,,,,,,,
679c9c8a5749c4077500e054,54,8,5,2,1,"{""Rubén Vargas 46'"",""Jvhan Mnzambi 57'""}","{""Prvmis Divid 76'""}",B,3,06/24/2026 12:00,1405-04-03 12:00,13,TRUE,finished,group,Switzerland,سوئیس,Canada,کانادا,,,,,,,,,
679c9c8a5749c4077500e057,57,14,15,0,0,null,null,D,3,06/25/2026 19:00,1405-04-04 19:00,15,TRUE,finished,group,Paraguay,پاراگوئه,Australia,استرالیا,,,,,,,,,
679c9c8a5749c4077500e064,64,28,25,1,5,"{""Ali Jast 84'""}","{""Leandro Trossard 28'"",""Leandro Trossard 50'"",""Kevin De Bruyne 66'"",""Romelu Lukaku 86'"",""Alexis Saelemaekers 90+4'""}",G,3,06/26/2026 20:00,1405-04-05 20:00,13,TRUE,finished,group,New Zealand,نیوزیلند,Belgium,بلژیک,,,,,,,,,
679c9c8a5749c4077500e075,75,21,10,1,1,"{""Kvdi Khakpv 72'""}","{""Issa Diop 90+1'""}",R32,4,06/29/2026 19:00,1405-04-08 19:00,3,TRUE,finished,r32,Netherlands,هلند,Morocco,مراکش,Winner Group F,Runner-up Group C,"{""Neil El Aynaoui"",""Achraf Hakimi""}",3,"{""Svfian Rhimi"",""Shms Aldin Talbi"",""Asmaail Saibari""}","{""Justin Kluivert"",""Quinten Timber"",""Crysencio Summerville""}",2,"{""Tvn Kvpmainrz"",""Vvt Vkhhvrst""}",
679c9c8a5749c4077500e078,78,19,36,1,2,"{""Amad Diallo 74'""}","{""Antonio Nusa 39'"",""Erling Haaland 86'""}",R32,4,06/30/2026 12:00,1405-04-09 12:00,4,TRUE,finished,r32,Ivory Coast,ساحل عاج,Norway,نروژ,Runner-up Group E,Runner-up Group I,null,null,null,null,null,null,
679c9c8a5749c4077500e079,79,1,20,2,0,"{""Jvlian Kviinvnz 22'"",""Raúl Jiménez 31'""}",null,R32,4,06/30/2026 19:00,1405-04-09 19:00,1,TRUE,finished,r32,Mexico,مکزیک,Ecuador,اکوادور,Winner Group A,3rd Group C/E/F/H/I,null,null,null,null,null,null,
679c9c8a5749c4077500e07a,80,45,42,2,1,"{""Hri Kin 75'"",""Hri Kin 86'""}","{""Braian Sipnga 7'""}",R32,4,07/01/2026 12:00,1405-04-10 12:00,7,TRUE,finished,r32,England,انگلستان,Democratic Republic of the Congo,جمهوری دموکراتیک کنگو,Winner Group L,3rd Group E/H/I/J/K,null,null,null,null,null,null,
679c9c8a5749c4077500e07c,82,25,34,3,2,"{""Romelu Lukaku 86'"",""Youri Tielemans 89'"",""Youri Tielemans 125(P)'""}","{""Habib Diarra 25'"",""Ismaïla Sarr 51'""}",R32,4,07/01/2026 13:00,1405-04-10 13:00,14,TRUE,finished,r32,Belgium,بلژیک,Senegal,سنگال,Winner Group G,3rd Group A/E/H/I/J,null,null,null,null,null,null,
679c9c8a5749c4077500e083,89,14,33,0,1,null,null,R16,5,07/04/2026 17:00,1405-04-13 17:00,10,TRUE,finished,r16,Paraguay,پاراگوئه,France,فرانسه,Winner Match 74,Winner Match 77,null,null,null,null,null,null,
679c9c8a5749c4077500e08d,99,36,45,1,2,"{""Andrias Shldrvp 36'""}","{""Jvd Blingham 45+2'"",""Jvd Blingham 93'""}",QF,6,07/11/2026 17:00,1405-04-20 17:00,8,TRUE,finished,qf,Norway,نروژ,England,انگلستان,Winner Match 91,Winner Match 92,null,null,null,null,null,null,null
