_id,id,name_en,name_fa,fifa_name,city_en,city_fa,country_en,country_fa,capacity,region
679c9c8a5749c4077500f001,1,Estadio Azteca,استادیوم آزتکا,Mexico City Stadium,Mexico City,مکزیکوسیتی,Mexico,مکزیک,83000,Central
679c9c8a5749c4077500f002,2,Estadio Akron,استادیوم آکرون,Estadio Guadalajara,Guadalajara (Zapopan),گوادالاخارا,Mexico,مکزیک,48000,Central
679c9c8a5749c4077500f003,3,Estadio BBVA,استادیوم بی‌بی‌وی‌ای,Estadio Monterrey,Monterrey (Guadalupe),مونتری,Mexico,مکزیک,53500,Central
679c9c8a5749c4077500f004,4,AT&T Stadium,استادیوم ای‌تی‌اند‌تی,Dallas Stadium,"Dallas (Arlington, Texas)",دالاس,United States,آمریکا,94000,Central
679c9c8a5749c4077500f005,5,NRG Stadium,استادیوم ان‌آر‌جی,Houston Stadium,Houston,هیوستون,United States,آمریکا,72000,Central
679c9c8a5749c4077500f006,6,GEHA Field at Arrowhead Stadium,استادیوم اروهد,Kansas City Stadium,Kansas City,کانزاس سیتی,United States,آمریکا,73000,Central
679c9c8a5749c4077500f007,7,Mercedes-Benz Stadium,استادیوم مرسدس بنز,Atlanta Stadium,Atlanta,آتلانتا,United States,آمریکا,75000,Eastern
679c9c8a5749c4077500f008,8,Hard Rock Stadium,استادیوم هارد راک,Miami Stadium,Miami (Miami Gardens),میامی,United States,آمریکا,65000,Eastern
679c9c8a5749c4077500f009,9,Gillette Stadium,استادیوم ژیلت,Boston Stadium,Boston (Foxborough),بوستون,United States,آمریکا,65000,Eastern
679c9c8a5749c4077500f010,10,Lincoln Financial Field,استادیوم لینکلن فایننشال,Philadelphia Stadium,Philadelphia,فیلادلفیا,United States,آمریکا,69000,Eastern
679c9c8a5749c4077500f011,11,MetLife Stadium,استادیوم متلایف,New York/New Jersey Stadium,New York/New Jersey (East Rutherford),نیویورک/نیوجرسی,United States,آمریکا,82500,Eastern
679c9c8a5749c4077500f012,12,BMO Field,استادیوم بی‌ام‌او,Toronto Stadium,Toronto,تورنتو,Canada,کانادا,45000,Eastern
679c9c8a5749c4077500f013,13,BC Place,استادیوم بی‌سی پلیس,BC Place Vancouver,Vancouver,ونکوور,Canada,کانادا,54000,Western
679c9c8a5749c4077500f014,14,Lumen Field,استادیوم لومن فیلد,Seattle Stadium,Seattle,سیاتل,United States,آمریکا,69000,Western
679c9c8a5749c4077500f015,15,Levi's Stadium,استادیوم لیوایز,San Francisco Bay Area Stadium,San Francisco Bay Area (Santa Clara),سن‌فرانسیسکو,United States,آمریکا,71000,Western
679c9c8a5749c4077500f016,16,SoFi Stadium,استادیوم سوفای,Los Angeles Stadium,Los Angeles (Inglewood),لس‌آنجلس,United States,آمریکا,70000,Western
